Customer ID,Recency,Frequency,Monetary,Cluster,Segment
AA-10315,185,11,5563.56,0,High Value Customers
AA-10375,20,15,1056.39,1,Loyal Customers
AA-10480,260,12,1790.5120000000002,1,Loyal Customers
AA-10645,56,18,5086.9349999999995,0,High Value Customers
AB-10015,416,6,886.156,3,Low Value Customers
AB-10060,55,18,7755.62,2,At Risk Customers
AB-10105,42,20,14473.570999999998,2,At Risk Customers
AB-10150,42,12,966.71,1,Loyal Customers
AB-10165,26,14,1113.838,1,Loyal Customers
AB-10255,167,14,914.5319999999999,1,Loyal Customers
AB-10600,51,8,1515.862,1,Loyal Customers
AC-10420,233,5,925.8,1,Loyal Customers
AC-10450,12,9,5527.846,1,Loyal Customers
AC-10615,7,18,2537.6859999999997,0,High Value Customers
AC-10660,283,6,657.316,1,Loyal Customers
AD-10180,30,12,6106.88,0,High Value Customers
AF-10870,42,16,2052.908,0,High Value Customers
AF-10885,416,7,861.565,3,Low Value Customers
AG-10270,279,14,2582.898,0,High Value Customers
AG-10300,119,5,367.548,1,Loyal Customers
AG-10330,9,9,660.972,1,Loyal Customers
AG-10390,115,8,200.945,1,Loyal Customers
AG-10495,79,21,2356.855,0,High Value Customers
AG-10525,846,9,1455.038,3,Low Value Customers
AG-10675,98,15,3489.0396000000005,0,High Value Customers
AG-10765,78,5,170.584,1,Loyal Customers
AG-10900,97,21,4510.797,0,High Value Customers
AH-10030,13,11,1744.7,1,Loyal Customers
AH-10075,35,20,3250.337,0,High Value Customers
AH-10120,61,16,1735.5140000000001,0,High Value Customers
AH-10195,56,8,1587.452,1,Loyal Customers
AH-10210,7,13,4805.344,0,High Value Customers
AH-10465,231,8,2495.3916,1,Loyal Customers
AH-10585,22,5,738.504,1,Loyal Customers
AH-10690,411,23,7888.294,2,At Risk Customers
AI-10855,14,18,4375.786,0,High Value Customers
AJ-10780,76,15,4867.344,0,High Value Customers
AJ-10795,167,21,4501.391,0,High Value Customers
AJ-10945,86,10,1839.24,1,Loyal Customers
AJ-10960,75,5,629.2479999999999,1,Loyal Customers
AM-10360,29,12,814.012,1,Loyal Customers
AM-10705,163,22,5664.022,0,High Value Customers
AO-10810,502,1,161.28,3,Low Value Customers
AP-10720,42,19,1638.554,0,High Value Customers
AP-10915,99,31,3323.556,0,High Value Customers
AR-10345,112,5,1055.694,1,Loyal Customers
AR-10405,126,7,2236.128,1,Loyal Customers
AR-10510,15,7,264.86400000000003,1,Loyal Customers
AR-10540,7,9,6608.448,0,High Value Customers
AR-10570,535,2,88.15,3,Low Value Customers
AR-10825,59,13,4523.336,0,High Value Customers
AS-10045,89,10,3050.692,1,Loyal Customers
AS-10090,29,25,3255.31,0,High Value Customers
AS-10135,42,3,58.82,1,Loyal Customers
AS-10225,23,13,4260.784,0,High Value Customers
AS-10240,193,13,584.6080000000001,1,Loyal Customers
AS-10285,20,8,3214.236,1,Loyal Customers
AS-10630,93,12,833.398,1,Loyal Customers
AT-10435,22,9,1171.814,1,Loyal Customers
AT-10735,14,16,3831.864,0,High Value Customers
AW-10840,21,8,649.376,1,Loyal Customers
AW-10930,47,16,2852.968,0,High Value Customers
AY-10555,15,10,497.014,1,Loyal Customers
AZ-10750,161,12,1622.0179999999998,1,Loyal Customers
BB-10990,106,8,744.3399999999999,1,Loyal Customers
BB-11545,29,20,6765.728,2,At Risk Customers
BC-11125,203,18,2933.676,0,High Value Customers
BD-11320,34,19,5718.521,0,High Value Customers
BD-11500,36,10,4411.2429999999995,1,Loyal Customers
BD-11560,279,4,320.54,1,Loyal Customers
BD-11605,98,20,3288.471,0,High Value Customers
BD-11620,70,8,1538.11,1,Loyal Customers
BD-11635,10,5,582.646,1,Loyal Customers
BD-11725,94,10,1526.5,1,Loyal Customers
BD-11770,328,10,658.466,3,Low Value Customers
BE-11335,120,9,4204.676,1,Loyal Customers
BE-11410,99,5,2261.438,1,Loyal Customers
BE-11455,255,13,1727.652,1,Loyal Customers
BF-10975,92,13,599.798,1,Loyal Customers
BF-11005,40,10,1333.88,1,Loyal Customers
BF-11020,75,21,2888.506,0,High Value Customers
BF-11080,26,6,272.95,1,Loyal Customers
BF-11170,17,27,5907.972,0,High Value Customers
BF-11215,66,8,1585.162,1,Loyal Customers
BF-11275,58,4,791.9899999999999,1,Loyal Customers
BG-11035,29,12,2798.948,1,Loyal Customers
BG-11695,37,8,1874.172,1,Loyal Customers
BG-11740,58,7,1006.356,1,Loyal Customers
BH-11710,24,24,6255.351,0,High Value Customers
BK-11260,78,16,659.1379999999999,0,High Value Customers
BM-11140,308,16,11789.63,2,At Risk Customers
BM-11575,101,10,808.162,1,Loyal Customers
BM-11650,34,29,7294.185,2,At Risk Customers
BM-11785,219,14,1338.842,1,Loyal Customers
BN-11470,25,6,265.296,1,Loyal Customers
BN-11515,10,17,1459.344,0,High Value Customers
BO-11350,138,12,2682.728,1,Loyal Customers
BO-11425,76,2,130.83,1,Loyal Customers
BP-11050,84,7,983.42,1,Loyal Customers
BP-11095,18,20,2442.044,0,High Value Customers
BP-11155,90,11,1697.8609999999999,1,Loyal Customers
BP-11185,2,18,3675.861,0,High Value Customers
BP-11230,40,6,1181.49,1,Loyal Customers
BP-11290,13,16,2475.157,0,High Value Customers
BS-11365,559,9,10501.653,2,At Risk Customers
BS-11380,29,13,3887.834,0,High Value Customers
BS-11590,36,10,2454.928,1,Loyal Customers
BS-11665,583,11,3288.1099999999997,3,Low Value Customers
BS-11755,2,14,2562.382,0,High Value Customers
BS-11800,266,8,949.4300000000001,1,Loyal Customers
BT-11305,337,9,2567.656,3,Low Value Customers
BT-11395,303,10,2186.6130000000003,1,Loyal Customers
BT-11440,561,7,603.876,3,Low Value Customers
BT-11485,660,3,415.19599999999997,3,Low Value Customers
BT-11530,92,10,2684.4919999999997,1,Loyal Customers
BT-11680,21,20,3196.752,0,High Value Customers
BV-11245,335,14,1523.2730000000001,3,Low Value Customers
BW-11065,213,3,385.516,1,Loyal Customers
BW-11110,122,17,4750.358,0,High Value Customers
BW-11200,204,10,1738.406,1,Loyal Customers
CA-11965,97,10,3789.7228,1,Loyal Customers
CA-12055,402,10,1679.7240000000002,3,Low Value Customers
CA-12265,57,17,2648.2872,0,High Value Customers
CA-12310,14,11,1421.954,1,Loyal Customers
CA-12775,121,17,3041.566,0,High Value Customers
CB-12025,48,26,6076.139,0,High Value Customers
CB-12415,27,12,1949.2,1,Loyal Customers
CB-12535,198,19,4246.4555,0,High Value Customers
CC-12100,458,13,1770.945,3,Low Value Customers
CC-12145,107,11,2471.65,1,Loyal Customers
CC-12220,21,22,3913.418,0,High Value Customers
CC-12370,44,11,12129.072000000002,2,At Risk Customers
CC-12430,1,19,2870.05,0,High Value Customers
CC-12475,40,13,1659.438,1,Loyal Customers
CC-12550,28,4,113.832,1,Loyal Customers
CC-12610,35,12,2540.631,1,Loyal Customers
CC-12670,30,14,2269.7015,0,High Value Customers
CC-12685,800,12,2854.1150000000002,3,Low Value Customers
CD-11920,41,9,2033.968,1,Loyal Customers
CD-11980,55,6,639.766,1,Loyal Customers
CD-12280,43,13,1205.584,1,Loyal Customers
CD-12790,400,15,1860.732,3,Low Value Customers
CG-12040,50,9,904.4680000000001,1,Loyal Customers
CG-12520,339,5,1148.7800000000002,3,Low Value Customers
CH-12070,692,4,1537.236,3,Low Value Customers
CJ-11875,366,1,16.52,3,Low Value Customers
CJ-12010,190,20,11164.974,2,At Risk Customers
CK-12205,40,32,3154.855,0,High Value Customers
CK-12325,121,12,2945.321,1,Loyal Customers
CK-12595,44,25,2372.75,0,High Value Customers
CK-12760,83,14,1582.109,1,Loyal Customers
CL-11890,107,7,1262.0140000000001,1,Loyal Customers
CL-12565,285,28,10880.546,2,At Risk Customers
CL-12700,106,8,2353.586,1,Loyal Customers
CM-11815,132,10,1673.888,1,Loyal Customers
CM-11935,709,4,565.392,3,Low Value Customers
CM-12115,9,7,1661.6100000000001,1,Loyal Customers
CM-12160,27,7,2533.314,1,Loyal Customers
CM-12190,9,7,1475.144,1,Loyal Customers
CM-12235,386,8,2305.712,3,Low Value Customers
CM-12385,38,10,8954.019999999999,2,At Risk Customers
CM-12445,437,9,287.99,3,Low Value Customers
CM-12655,28,10,6339.5576,0,High Value Customers
CM-12715,1036,13,3984.4524,3,Low Value Customers
CP-12085,83,14,5402.254,0,High Value Customers
CP-12340,161,15,5888.275,0,High Value Customers
CR-12580,58,6,2148.852,1,Loyal Customers
CR-12625,471,4,475.9,3,Low Value Customers
CR-12730,79,6,1600.55,1,Loyal Customers
CR-12820,86,7,1397.8724,1,Loyal Customers
CS-11845,92,8,1278.954,1,Loyal Customers
CS-11860,163,7,537.632,1,Loyal Customers
CS-11950,26,22,3036.547,0,High Value Customers
CS-12130,490,7,884.64,3,Low Value Customers
CS-12175,233,8,844.4580000000001,1,Loyal Customers
CS-12250,27,28,2754.216,0,High Value Customers
CS-12355,7,22,3202.1620000000003,0,High Value Customers
CS-12400,3,14,3651.8585000000003,0,High Value Customers
CS-12460,28,6,550.644,1,Loyal Customers
CS-12490,425,9,1077.2285,3,Low Value Customers
CS-12505,59,9,5690.054999999999,1,Loyal Customers
CT-11995,97,18,3241.898,0,High Value Customers
CV-12295,255,13,2830.6279999999997,1,Loyal Customers
CV-12805,6,19,2370.3136,0,High Value Customers
CW-11905,23,11,1136.592,1,Loyal Customers
CY-12745,61,11,2900.026,1,Loyal Customers
Co-12640,550,8,1300.076,3,Low Value Customers
DA-13450,353,8,156.76,3,Low Value Customers
DB-12910,22,12,2171.599,1,Loyal Customers
DB-12970,242,14,2839.2272,0,High Value Customers
DB-13060,17,13,4531.646,0,High Value Customers
DB-13120,49,14,2973.094,0,High Value Customers
DB-13210,10,21,2332.577,0,High Value Customers
DB-13270,54,13,4655.897,0,High Value Customers
DB-13360,265,6,1081.466,1,Loyal Customers
DB-13405,188,14,1711.692,1,Loyal Customers
DB-13555,108,14,3908.8028,0,High Value Customers
DB-13615,34,11,1989.05,1,Loyal Customers
DB-13660,13,10,1155.202,1,Loyal Customers
DC-12850,38,18,3336.168,0,High Value Customers
DC-13285,24,7,1174.618,1,Loyal Customers
DD-13570,42,9,269.542,1,Loyal Customers
DE-13255,720,9,2550.874,3,Low Value Customers
DF-13135,701,6,2390.534,3,Low Value Customers
DG-13300,33,8,3195.818,1,Loyal Customers
DH-13075,278,23,4932.872,0,High Value Customers
DH-13675,777,11,1043.096,3,Low Value Customers
DJ-13420,638,5,2012.52,3,Low Value Customers
DJ-13510,49,13,2501.6879999999996,1,Loyal Customers
DJ-13630,13,8,3356.398,1,Loyal Customers
DK-12835,22,27,3256.48,0,High Value Customers
DK-12895,46,15,4282.176,0,High Value Customers
DK-12985,8,8,1687.04,1,Loyal Customers
DK-13090,43,13,2650.557,1,Loyal Customers
DK-13150,11,5,797.832,1,Loyal Customers
DK-13225,11,19,4802.394,0,High Value Customers
DK-13375,20,23,3318.486,0,High Value Customers
DL-12865,101,14,1503.112,1,Loyal Customers
DL-12925,58,14,3272.2,0,High Value Customers
DL-13315,23,17,1458.258,0,High Value Customers
DL-13330,58,8,585.02,1,Loyal Customers
DL-13495,77,12,3539.322,1,Loyal Customers
DM-12955,115,9,1322.034,1,Loyal Customers
DM-13015,58,20,6345.103,0,High Value Customers
DM-13345,23,13,4074.4719999999998,0,High Value Customers
DM-13525,482,10,1376.792,3,Low Value Customers
DN-13690,218,11,2139.79,1,Loyal Customers
DO-13435,134,13,1300.0315,1,Loyal Customers
DO-13645,27,11,1267.316,1,Loyal Customers
DP-13000,127,17,1050.636,0,High Value Customers
DP-13105,7,14,2215.002,0,High Value Customers
DP-13165,813,4,1058.616,3,Low Value Customers
DP-13390,359,14,5480.723999999999,0,High Value Customers
DR-12880,4,24,6528.034000000001,2,At Risk Customers
DR-12940,51,13,8350.868,2,At Risk Customers
DS-13030,94,19,1762.213,0,High Value Customers
DS-13180,24,20,2881.8128,0,High Value Customers
DV-13045,20,9,1119.483,1,Loyal Customers
DV-13465,30,15,3341.587,0,High Value Customers
DW-13195,70,9,1080.751,1,Loyal Customers
DW-13480,218,11,5271.628,0,High Value Customers
DW-13540,99,9,344.08,1,Loyal Customers
DW-13585,243,10,1204.854,1,Loyal Customers
Dl-13600,120,6,755.602,1,Loyal Customers
Dp-13240,85,29,7198.7609999999995,2,At Risk Customers
EA-14035,153,25,2846.705,0,High Value Customers
EB-13705,49,12,3644.978,0,High Value Customers
EB-13750,36,20,3236.314,0,High Value Customers
EB-13840,91,8,4358.128,1,Loyal Customers
EB-13870,101,11,2767.219,1,Loyal Customers
EB-13930,162,7,944.6000000000001,1,Loyal Customers
EB-13975,1,6,1643.255,1,Loyal Customers
EB-14110,114,11,3071.126,1,Loyal Customers
EB-14170,83,7,1186.326,1,Loyal Customers
EC-14050,54,7,461.914,1,Loyal Customers
ED-13885,136,14,3484.92,0,High Value Customers
EG-13900,23,9,1832.02,1,Loyal Customers
EH-13765,136,32,10310.880000000001,2,At Risk Customers
EH-13945,218,17,684.1709999999999,0,High Value Customers
EH-13990,406,8,825.9499999999999,3,Low Value Customers
EH-14005,3,11,1219.53,1,Loyal Customers
EH-14125,153,18,3082.653,0,High Value Customers
EH-14185,106,8,923.884,1,Loyal Customers
EJ-13720,303,8,2162.174,1,Loyal Customers
EJ-14155,58,8,2656.691,1,Loyal Customers
EK-13795,45,4,1303.478,1,Loyal Customers
EL-13735,78,2,124.28,1,Loyal Customers
EM-13810,133,7,2567.0099999999998,1,Loyal Customers
EM-13825,56,16,2339.598,0,High Value Customers
EM-13960,152,6,933.704,1,Loyal Customers
EM-14065,48,6,228.99,1,Loyal Customers
EM-14095,114,10,1041.0420000000001,1,Loyal Customers
EM-14140,49,21,4588.436000000001,0,High Value Customers
EM-14200,159,4,366.822,1,Loyal Customers
EN-13780,288,9,2199.366,1,Loyal Customers
EP-13915,13,31,5478.0608,0,High Value Customers
ER-13855,422,5,1245.788,3,Low Value Customers
ES-14020,41,8,3510.4579999999996,1,Loyal Customers
ES-14080,29,20,4657.924,0,High Value Customers
FA-14230,98,17,2984.054,0,High Value Customers
FC-14245,71,14,3418.742,0,High Value Customers
FC-14335,185,10,3889.366,1,Loyal Customers
FG-14260,35,11,1383.144,1,Loyal Customers
FH-14275,38,21,4256.272,0,High Value Customers
FH-14350,213,14,2271.284,1,Loyal Customers
FH-14365,6,13,6987.196,0,High Value Customers
FM-14215,8,15,2456.638,0,High Value Customers
FM-14290,37,20,3736.198,0,High Value Customers
FM-14380,146,14,2523.266,0,High Value Customers
FO-14305,39,15,2678.438,0,High Value Customers
FP-14320,24,14,4046.746,0,High Value Customers
FW-14395,363,3,79.75,3,Low Value Customers
GA-14515,150,14,3919.7760000000003,0,High Value Customers
GA-14725,6,22,1398.382,0,High Value Customers
GB-14530,63,20,1568.44,0,High Value Customers
GB-14575,14,16,4716.288,0,High Value Customers
GD-14590,6,6,1888.07,1,Loyal Customers
GG-14650,44,24,2224.0,0,High Value Customers
GH-14410,76,17,2819.4669999999996,0,High Value Customers
GH-14425,51,10,4172.8460000000005,1,Loyal Customers
GH-14485,388,3,1361.2440000000001,3,Low Value Customers
GH-14665,3,3,146.94080000000002,1,Loyal Customers
GK-14620,113,14,6497.27,0,High Value Customers
GM-14440,84,11,3582.8199999999997,1,Loyal Customers
GM-14455,17,12,3078.624,1,Loyal Customers
GM-14500,107,13,1255.682,1,Loyal Customers
GM-14680,153,11,3163.628,1,Loyal Customers
GM-14695,118,11,6049.966,0,High Value Customers
GP-14740,766,5,236.53,3,Low Value Customers
GR-14560,1136,5,1284.38,3,Low Value Customers
GT-14635,57,6,9351.212,2,At Risk Customers
GT-14710,37,29,11820.119999999999,2,At Risk Customers
GT-14755,35,7,226.436,1,Loyal Customers
GW-14605,29,9,2189.019,1,Loyal Customers
GZ-14470,8,14,4355.150000000001,0,High Value Customers
GZ-14545,158,5,2454.6220000000003,1,Loyal Customers
HA-14905,70,10,2163.3,1,Loyal Customers
HA-14920,21,18,2584.158,0,High Value Customers
HD-14785,770,7,251.36,3,Low Value Customers
HE-14800,13,11,883.5319999999999,1,Loyal Customers
HF-14995,22,19,2533.1639999999998,0,High Value Customers
HG-14845,55,10,785.628,1,Loyal Customers
HG-14965,24,17,3247.642,0,High Value Customers
HG-15025,7,11,3690.284,1,Loyal Customers
HH-15010,73,6,218.668,1,Loyal Customers
HJ-14875,127,6,358.1,1,Loyal Customers
HK-14890,152,15,4877.784,0,High Value Customers
HL-15040,44,11,12873.297999999999,2,At Risk Customers
HM-14860,3,20,8236.7648,2,At Risk Customers
HM-14980,248,7,736.276,1,Loyal Customers
HP-14815,31,10,1990.314,1,Loyal Customers
HR-14770,14,13,1299.288,1,Loyal Customers
HR-14830,160,14,5248.787,0,High Value Customers
HW-14935,118,20,9300.254,2,At Risk Customers
HZ-14950,36,6,886.52,1,Loyal Customers
IG-15085,72,7,744.574,1,Loyal Customers
IL-15100,143,14,5040.736,0,High Value Customers
IM-15055,410,4,2872.63,3,Low Value Customers
IM-15070,391,21,4930.474,0,High Value Customers
JA-15970,93,24,6491.026,2,At Risk Customers
JB-15400,8,16,1791.605,0,High Value Customers
JB-15925,738,8,900.552,3,Low Value Customers
JB-16000,44,7,644.1188,1,Loyal Customers
JB-16045,8,9,2518.115,1,Loyal Customers
JC-15340,115,4,71.263,1,Loyal Customers
JC-15385,176,4,1058.108,1,Loyal Customers
JC-15775,159,16,2772.055,0,High Value Customers
JC-16105,58,9,858.576,1,Loyal Customers
JD-15790,118,7,2152.352,1,Loyal Customers
JD-15895,395,32,7610.8640000000005,2,At Risk Customers
JD-16015,113,11,385.43,1,Loyal Customers
JD-16060,301,6,695.442,1,Loyal Customers
JD-16150,42,17,8828.0305,2,At Risk Customers
JE-15475,194,13,1388.682,1,Loyal Customers
JE-15610,49,20,7754.976,2,At Risk Customers
JE-15715,47,22,8697.842999999999,2,At Risk Customers
JE-15745,52,23,6760.8150000000005,2,At Risk Customers
JE-16165,21,7,2697.248,1,Loyal Customers
JF-15190,66,19,2279.5860000000002,0,High Value Customers
JF-15295,226,14,955.124,1,Loyal Customers
JF-15355,106,16,1911.844,0,High Value Customers
JF-15415,3,14,2371.448,0,High Value Customers
JF-15490,122,15,1082.918,1,Loyal Customers
JF-15565,55,16,4198.332,0,High Value Customers
JG-15115,759,7,2358.676,3,Low Value Customers
JG-15160,2,18,6366.392,0,High Value Customers
JG-15310,3,11,2240.58,1,Loyal Customers
JG-15805,224,9,1507.018,1,Loyal Customers
JH-15430,6,7,309.281,1,Loyal Customers
JH-15820,175,8,528.91,1,Loyal Customers
JH-15910,42,9,959.477,1,Loyal Customers
JH-15985,30,14,7954.9980000000005,2,At Risk Customers
JH-16180,405,5,2256.3940000000002,3,Low Value Customers
JJ-15445,484,6,709.178,3,Low Value Customers
JJ-15760,754,3,195.0,3,Low Value Customers
JK-15205,62,13,4427.142,0,High Value Customers
JK-15325,288,4,383.812,1,Loyal Customers
JK-15370,45,17,2709.632,0,High Value Customers
JK-15625,62,12,3760.028,0,High Value Customers
JK-15640,181,12,4760.434,0,High Value Customers
JK-15730,85,20,4867.2,0,High Value Customers
JK-16090,29,9,3747.668,1,Loyal Customers
JK-16120,118,17,2932.484,0,High Value Customers
JL-15130,9,12,1214.956,1,Loyal Customers
JL-15175,7,7,1571.523,1,Loyal Customers
JL-15235,120,10,2203.7,1,Loyal Customers
JL-15505,50,17,3173.874,0,High Value Customers
JL-15835,22,34,9799.923,2,At Risk Customers
JL-15850,615,11,2725.256,3,Low Value Customers
JM-15250,38,19,3159.1220000000003,0,High Value Customers
JM-15265,38,13,1804.146,1,Loyal Customers
JM-15535,103,10,1733.443,1,Loyal Customers
JM-15580,1,7,303.948,1,Loyal Customers
JM-15655,9,12,864.947,1,Loyal Customers
JM-15865,110,13,7625.076000000001,2,At Risk Customers
JM-16195,58,19,2833.9260000000004,0,High Value Customers
JO-15145,58,13,3254.949,0,High Value Customers
JO-15280,93,11,1934.272,1,Loyal Customers
JO-15550,216,11,1090.838,1,Loyal Customers
JP-15460,38,15,1669.135,0,High Value Customers
JP-15520,9,16,3635.594,0,High Value Customers
JP-16135,103,13,1707.71,1,Loyal Customers
JR-15670,594,3,1156.658,3,Low Value Customers
JR-15700,69,1,863.88,1,Loyal Customers
JR-16210,34,10,2201.686,1,Loyal Customers
JS-15595,120,8,1417.654,1,Loyal Customers
JS-15685,43,11,1131.0639999999999,1,Loyal Customers
JS-15880,535,9,3868.02,3,Low Value Customers
JS-15940,464,8,469.169,3,Low Value Customers
JS-16030,29,18,2516.494,0,High Value Customers
JW-15220,43,14,7721.714,2,At Risk Customers
JW-15955,6,11,1244.086,1,Loyal Customers
JW-16075,462,7,1428.731,3,Low Value Customers
KA-16525,37,11,1519.506,1,Loyal Customers
KB-16240,5,10,3152.6150000000002,1,Loyal Customers
KB-16315,297,22,1569.464,0,High Value Customers
KB-16405,118,9,908.821,1,Loyal Customers
KB-16585,231,23,2744.742,0,High Value Customers
KB-16600,2,9,983.922,1,Loyal Customers
KC-16255,408,10,2120.954,3,Low Value Customers
KC-16540,98,5,3908.262,1,Loyal Customers
KC-16675,58,7,1146.05,1,Loyal Customers
KD-16270,485,16,8282.358,2,At Risk Customers
KD-16345,42,10,1888.964,1,Loyal Customers
KD-16495,113,28,8181.256,2,At Risk Customers
KD-16615,290,13,2243.5099999999998,1,Loyal Customers
KE-16420,27,15,1686.7312,0,High Value Customers
KF-16285,98,18,10604.266,2,At Risk Customers
KH-16330,41,18,3312.864,0,High Value Customers
KH-16360,2,14,3100.612,0,High Value Customers
KH-16510,23,23,5952.859,0,High Value Customers
KH-16630,59,17,3918.9660000000003,0,High Value Customers
KH-16690,3,15,5990.799,0,High Value Customers
KL-16555,17,22,5016.488,0,High Value Customers
KL-16645,48,29,14175.229000000001,2,At Risk Customers
KM-16225,15,19,2260.958,0,High Value Customers
KM-16375,57,20,5620.186,0,High Value Customers
KM-16660,16,9,453.538,1,Loyal Customers
KM-16720,29,28,4909.472,0,High Value Customers
KN-16390,20,17,2617.272,0,High Value Customers
KN-16450,53,8,2171.962,1,Loyal Customers
KN-16705,99,15,2280.58,0,High Value Customers
KS-16300,296,4,88.472,1,Loyal Customers
KT-16465,392,14,3057.1,3,Low Value Customers
KT-16480,101,13,4642.088400000001,0,High Value Customers
KW-16435,97,10,4416.5199999999995,1,Loyal Customers
KW-16570,772,5,449.096,3,Low Value Customers
LA-16780,155,26,8673.222,2,At Risk Customers
LB-16735,49,3,50.188,1,Loyal Customers
LB-16795,153,24,4985.676,0,High Value Customers
LC-16870,28,30,2580.7039999999997,0,High Value Customers
LC-16885,17,23,7663.126,2,At Risk Customers
LC-16930,42,14,4492.946,0,High Value Customers
LC-16960,437,7,3246.626,3,Low Value Customers
LC-17050,55,9,2095.064,1,Loyal Customers
LC-17140,14,19,2633.582,0,High Value Customers
LD-16855,553,1,5.304,3,Low Value Customers
LD-17005,415,7,1961.934,3,Low Value Customers
LE-16810,22,9,1469.45,1,Loyal Customers
LF-17185,23,16,3930.5089999999996,0,High Value Customers
LH-16750,152,3,287.426,1,Loyal Customers
LH-16900,22,15,2295.332,0,High Value Customers
LH-17020,240,6,318.239,1,Loyal Customers
LH-17155,386,19,1739.689,0,High Value Customers
LL-16840,250,12,2741.2039999999997,1,Loyal Customers
LM-17065,392,7,1346.774,3,Low Value Customers
LO-17170,3,9,644.35,1,Loyal Customers
LP-17080,41,9,756.606,1,Loyal Customers
LP-17095,10,15,3653.399,0,High Value Customers
LR-16915,27,16,5142.892,0,High Value Customers
LR-17035,133,12,1879.306,1,Loyal Customers
LS-16945,179,14,2845.27,0,High Value Customers
LS-16975,21,22,2988.674,0,High Value Customers
LS-17200,97,14,1010.2560000000001,1,Loyal Customers
LS-17230,778,6,368.88000000000005,3,Low Value Customers
LS-17245,35,12,1008.1360000000001,1,Loyal Customers
LT-16765,27,3,329.876,1,Loyal Customers
LT-17110,35,14,2936.252,0,High Value Customers
LW-16825,89,15,2238.061,0,High Value Customers
LW-16990,34,11,3230.308,1,Loyal Customers
LW-17125,206,5,1259.04,1,Loyal Customers
LW-17215,22,15,5420.514,0,High Value Customers
MA-17560,65,34,4299.161,0,High Value Customers
MA-17995,187,12,2453.284,1,Loyal Customers
MB-17305,49,19,1548.702,0,High Value Customers
MB-18085,45,10,1428.231,1,Loyal Customers
MC-17275,77,13,2725.982,1,Loyal Customers
MC-17425,400,10,4432.138,3,Low Value Customers
MC-17575,28,11,1303.893,1,Loyal Customers
MC-17590,52,17,2426.067,0,High Value Customers
MC-17605,113,18,2258.192,0,High Value Customers
MC-17635,190,8,795.154,1,Loyal Customers
MC-17845,2,14,3805.714,0,High Value Customers
MC-18100,42,19,2218.98,0,High Value Customers
MC-18130,370,11,1581.9979999999998,3,Low Value Customers
MD-17350,118,17,3766.382,0,High Value Customers
MD-17860,37,8,1204.91,1,Loyal Customers
ME-17320,43,22,10663.728000000001,2,At Risk Customers
ME-17725,29,13,1908.4532,1,Loyal Customers
ME-18010,93,6,1256.944,1,Loyal Customers
MF-17665,422,8,937.039,3,Low Value Customers
MF-18250,8,12,1758.3,1,Loyal Customers
MG-17650,30,14,3785.276,0,High Value Customers
MG-17680,93,10,2350.188,1,Loyal Customers
MG-17695,556,7,1342.282,3,Low Value Customers
MG-17875,117,7,1242.8329999999999,1,Loyal Customers
MG-17890,100,13,776.384,1,Loyal Customers
MG-18145,85,8,3061.543,1,Loyal Customers
MG-18205,265,2,16.739,1,Loyal Customers
MH-17290,120,13,2394.025,1,Loyal Customers
MH-17440,377,9,400.016,3,Low Value Customers
MH-17455,86,11,2456.1820000000002,1,Loyal Customers
MH-17620,156,6,1252.8,1,Loyal Customers
MH-17785,99,11,2203.7780000000002,1,Loyal Customers
MH-18025,50,10,2984.948,1,Loyal Customers
MH-18115,6,22,5503.093,0,High Value Customers
MJ-17740,23,15,6320.746,0,High Value Customers
MK-17905,29,17,2302.368,0,High Value Customers
MK-18160,241,11,1031.602,1,Loyal Customers
ML-17395,70,20,2722.843,0,High Value Customers
ML-17410,55,15,2921.5,0,High Value Customers
ML-17755,30,13,2071.9139999999998,1,Loyal Customers
ML-18040,80,4,742.082,1,Loyal Customers
ML-18265,101,3,162.232,1,Loyal Customers
MM-17260,169,6,1314.023,1,Loyal Customers
MM-17920,8,16,3794.0800000000004,0,High Value Customers
MM-18055,62,19,2749.881,0,High Value Customers
MM-18280,86,12,775.414,1,Loyal Customers
MN-17935,35,10,2477.946,1,Loyal Customers
MO-17500,73,5,922.487,1,Loyal Customers
MO-17800,105,11,1687.0269999999998,1,Loyal Customers
MO-17950,181,4,154.288,1,Loyal Customers
MP-17470,720,14,3206.132,3,Low Value Customers
MP-17965,73,20,3983.6420000000003,0,High Value Customers
MP-18175,17,19,5087.92,0,High Value Customers
MR-17545,126,6,639.178,1,Loyal Customers
MS-17365,274,24,7443.6900000000005,2,At Risk Customers
MS-17530,435,7,475.65599999999995,3,Low Value Customers
MS-17710,414,15,1613.402,3,Low Value Customers
MS-17770,122,19,3144.678,0,High Value Customers
MS-17830,453,5,370.348,3,Low Value Customers
MS-17980,27,11,855.116,1,Loyal Customers
MT-17815,50,10,2890.139,1,Loyal Customers
MT-18070,204,11,1319.4498,1,Loyal Customers
MV-17485,28,15,1560.05,0,High Value Customers
MV-18190,20,11,1734.574,1,Loyal Customers
MW-18220,18,14,5341.900000000001,0,High Value Customers
MW-18235,45,3,5253.876,1,Loyal Customers
MY-17380,30,13,2254.285,1,Loyal Customers
MY-18295,72,21,4152.696,0,High Value Customers
MZ-17335,31,6,593.606,1,Loyal Customers
MZ-17515,283,10,2564.906,1,Loyal Customers
NB-18580,1166,2,273.87199999999996,3,Low Value Customers
NB-18655,20,17,1972.599,0,High Value Customers
NC-18340,225,17,2461.404,0,High Value Customers
NC-18415,42,14,2218.9900000000002,0,High Value Customers
NC-18535,7,15,8241.739,2,At Risk Customers
NC-18625,205,9,1821.742,1,Loyal Customers
ND-18370,28,18,4326.139,0,High Value Customers
ND-18460,184,8,2893.455,1,Loyal Customers
NF-18385,80,14,8322.826,2,At Risk Customers
NF-18475,526,4,377.16200000000003,3,Low Value Customers
NF-18595,115,12,2031.472,1,Loyal Customers
NG-18355,49,16,1869.58,0,High Value Customers
NG-18430,49,9,1395.9379999999999,1,Loyal Customers
NH-18610,190,11,2673.29,1,Loyal Customers
NK-18490,71,11,572.048,1,Loyal Customers
NL-18310,59,10,1418.0900000000001,1,Loyal Customers
NM-18445,161,14,6459.344,0,High Value Customers
NM-18520,245,15,2161.979,0,High Value Customers
NP-18325,26,21,5529.62,0,High Value Customers
NP-18670,59,10,3908.402,1,Loyal Customers
NP-18685,407,7,1228.698,3,Low Value Customers
NP-18700,139,13,7903.1825,2,At Risk Customers
NR-18550,211,13,2367.277,1,Loyal Customers
NS-18505,7,15,2575.863,0,High Value Customers
NS-18640,175,26,2964.823,0,High Value Customers
NW-18400,173,22,7234.014,2,At Risk Customers
NZ-18565,86,20,2488.31,0,High Value Customers
ON-18715,411,15,1567.52,3,Low Value Customers
OT-18730,66,10,3818.624,1,Loyal Customers
PA-19060,104,7,729.408,1,Loyal Customers
PB-18805,26,10,740.356,1,Loyal Customers
PB-19105,58,5,688.324,1,Loyal Customers
PB-19150,98,11,1456.95,1,Loyal Customers
PB-19210,689,2,132.738,3,Low Value Customers
PC-18745,3,5,1832.064,1,Loyal Customers
PC-19000,883,3,1061.488,3,Low Value Customers
PF-19120,836,19,9062.864,3,Low Value Customers
PF-19165,197,10,2770.0,1,Loyal Customers
PF-19225,115,10,2206.1279999999997,1,Loyal Customers
PG-18820,37,26,3086.907,0,High Value Customers
PG-18895,58,17,1987.164,0,High Value Customers
PH-18790,71,2,729.648,1,Loyal Customers
PJ-18835,40,13,1220.09,1,Loyal Customers
PJ-19015,135,10,1824.2340000000002,1,Loyal Customers
PK-18910,484,3,1441.152,3,Low Value Customers
PK-19075,10,25,8646.934,2,At Risk Customers
PL-18925,16,8,239.481,1,Loyal Customers
PM-18940,387,4,1405.402,3,Low Value Customers
PM-19135,52,7,4115.662,1,Loyal Customers
PN-18775,31,13,1467.152,1,Loyal Customers
PO-18850,5,22,7473.8282,2,At Risk Customers
PO-18865,1,13,2493.214,1,Loyal Customers
PO-19180,161,18,4893.043,0,High Value Customers
PO-19195,87,10,1056.858,1,Loyal Customers
PP-18955,98,34,7252.608,2,At Risk Customers
PR-18880,37,12,1840.178,1,Loyal Customers
PS-18760,108,21,2181.479,0,High Value Customers
PS-18970,70,13,1278.639,1,Loyal Customers
PS-19045,237,13,6843.634,0,High Value Customers
PT-19090,72,7,160.572,1,Loyal Customers
PV-18985,90,13,2876.046,0,High Value Customers
PW-19030,47,13,3454.916,0,High Value Customers
PW-19240,465,12,3922.4150000000004,3,Low Value Customers
QJ-19255,26,13,6108.338,0,High Value Customers
RA-19285,6,17,2617.906,0,High Value Customers
RA-19885,44,15,3832.314,0,High Value Customers
RA-19915,13,22,4793.543,0,High Value Customers
RA-19945,62,9,1686.9225,1,Loyal Customers
RB-19330,69,6,1008.1959999999999,1,Loyal Customers
RB-19360,97,18,15117.339,2,At Risk Customers
RB-19435,20,16,2663.0860000000002,0,High Value Customers
RB-19465,10,23,4715.466,0,High Value Customers
RB-19570,26,9,528.546,1,Loyal Customers
RB-19645,649,7,221.084,3,Low Value Customers
RB-19705,55,7,2067.45,1,Loyal Customers
RB-19795,33,18,5633.316000000001,0,High Value Customers
RC-19825,370,10,966.409,3,Low Value Customers
RC-19960,111,11,885.752,1,Loyal Customers
RD-19480,73,15,4272.93,0,High Value Customers
RD-19585,181,19,2912.8940000000002,0,High Value Customers
RD-19660,115,5,2786.632,1,Loyal Customers
RD-19720,22,20,1419.737,0,High Value Customers
RD-19810,15,16,1137.616,0,High Value Customers
RD-19900,115,21,3133.924,0,High Value Customers
RD-19930,43,10,970.9420000000001,1,Loyal Customers
RE-19405,1098,1,48.36,3,Low Value Customers
RE-19450,303,9,876.696,1,Loyal Customers
RF-19345,391,16,3309.15,3,Low Value Customers
RF-19735,90,14,2341.2960000000003,0,High Value Customers
RF-19840,7,11,945.222,1,Loyal Customers
RH-19495,33,8,3621.3759999999997,1,Loyal Customers
RH-19510,468,12,6979.18,3,Low Value Customers
RH-19555,520,3,740.382,3,Low Value Customers
RH-19600,535,11,2085.7400000000002,3,Low Value Customers
RK-19300,120,8,1460.192,1,Loyal Customers
RL-19615,122,24,6234.91,0,High Value Customers
RM-19375,346,9,1453.474,3,Low Value Customers
RM-19675,7,11,5979.0960000000005,0,High Value Customers
RM-19750,300,2,98.35,1,Loyal Customers
RO-19780,36,12,3815.478,0,High Value Customers
RP-19270,497,12,954.6452,3,Low Value Customers
RP-19390,34,25,5153.084,0,High Value Customers
RP-19855,29,15,2170.716,0,High Value Customers
RR-19315,20,4,615.932,1,Loyal Customers
RR-19525,171,10,3302.2619999999997,1,Loyal Customers
RS-19420,77,9,3221.29,1,Loyal Customers
RS-19765,37,14,4159.7699999999995,0,High Value Customers
RS-19870,20,3,22.328,1,Loyal Customers
RW-19540,121,23,7397.401,2,At Risk Customers
RW-19630,90,16,3279.746,0,High Value Customers
RW-19690,80,15,3495.646,0,High Value Customers
SA-20830,64,21,4767.3415,0,High Value Customers
SB-20170,202,7,1348.02,1,Loyal Customers
SB-20185,189,12,6410.996,0,High Value Customers
SB-20290,48,17,8057.891,2,At Risk Customers
SC-20020,782,17,3362.9636,3,Low Value Customers
SC-20050,41,15,4624.572,0,High Value Customers
SC-20095,350,22,14142.333999999999,2,At Risk Customers
SC-20230,150,11,4371.9580000000005,1,Loyal Customers
SC-20260,188,18,3729.7929999999997,0,High Value Customers
SC-20305,30,12,3979.065,0,High Value Customers
SC-20380,31,20,5992.536,0,High Value Customers
SC-20440,37,10,1874.998,1,Loyal Customers
SC-20575,93,7,902.7280000000001,1,Loyal Customers
SC-20680,127,8,1254.64,1,Loyal Customers
SC-20695,90,14,2576.408,0,High Value Customers
SC-20725,188,26,5226.21,0,High Value Customers
SC-20770,42,21,4492.657,0,High Value Customers
SC-20800,31,5,279.25600000000003,1,Loyal Customers
SC-20845,132,4,280.632,1,Loyal Customers
SD-20485,201,21,6121.114,0,High Value Customers
SE-20110,10,19,12209.438000000002,2,At Risk Customers
SF-20065,60,9,763.5459999999999,1,Loyal Customers
SF-20200,60,15,3422.7859999999996,0,High Value Customers
SF-20965,49,17,3336.535,0,High Value Customers
SG-20080,9,11,3406.5809999999997,1,Loyal Customers
SG-20470,184,14,1884.798,1,Loyal Customers
SG-20605,109,13,3124.832,0,High Value Customers
SG-20890,227,5,47.946,1,Loyal Customers
SH-19975,30,29,3406.8395,0,High Value Customers
SH-20395,24,15,2180.718,0,High Value Customers
SH-20635,766,2,2096.392,3,Low Value Customers
SJ-20125,96,24,3949.656,0,High Value Customers
SJ-20215,30,10,1341.036,1,Loyal Customers
SJ-20500,254,7,1318.776,1,Loyal Customers
SK-19990,9,5,883.409,1,Loyal Customers
SL-20155,71,9,3053.012,1,Loyal Customers
SM-20005,422,6,244.49399999999997,3,Low Value Customers
SM-20320,80,15,25043.05,2,At Risk Customers
SM-20905,607,6,1043.041,3,Low Value Customers
SM-20950,26,22,5563.392,0,High Value Customers
SN-20560,112,15,1860.418,0,High Value Customers
SN-20710,80,19,3127.9592,0,High Value Customers
SO-20335,30,15,2602.5755,0,High Value Customers
SP-20545,328,10,1306.086,3,Low Value Customers
SP-20620,48,24,5440.319,0,High Value Customers
SP-20650,387,15,1872.4360000000001,3,Low Value Customers
SP-20860,80,24,4282.94,0,High Value Customers
SP-20920,71,14,3990.689,0,High Value Customers
SR-20425,9,9,3233.481,1,Loyal Customers
SR-20740,197,12,4345.8859999999995,0,High Value Customers
SS-20140,16,21,1324.028,0,High Value Customers
SS-20410,111,12,3056.8070000000002,1,Loyal Customers
SS-20515,492,6,613.4,3,Low Value Customers
SS-20590,433,9,418.49,3,Low Value Customers
SS-20875,121,15,964.636,1,Loyal Customers
ST-20530,126,12,433.34000000000003,1,Loyal Customers
SU-20665,21,18,2595.364,0,High Value Customers
SV-20365,102,32,11470.949999999999,2,At Risk Customers
SV-20785,321,25,4105.305,0,High Value Customers
SV-20815,77,6,1271.0900000000001,1,Loyal Customers
SV-20935,3,13,1903.491,1,Loyal Customers
SW-20245,82,10,1085.078,1,Loyal Customers
SW-20275,31,7,1966.65,1,Loyal Customers
SW-20350,163,6,1019.044,1,Loyal Customers
SW-20455,163,9,2921.544,1,Loyal Customers
SW-20755,535,8,758.6959999999999,3,Low Value Customers
SZ-20035,36,20,3625.329,0,High Value Customers
TA-21385,70,10,14595.62,2,At Risk Customers
TB-21055,120,18,1467.881,0,High Value Customers
TB-21175,59,11,3589.296,1,Loyal Customers
TB-21190,50,4,816.1740000000001,1,Loyal Customers
TB-21250,350,19,1602.376,0,High Value Customers
TB-21280,584,11,2198.45,3,Low Value Customers
TB-21355,147,13,834.328,1,Loyal Customers
TB-21400,203,17,9133.99,2,At Risk Customers
TB-21520,108,20,4737.486,0,High Value Customers
TB-21595,286,7,1387.559,1,Loyal Customers
TB-21625,31,15,2797.668,0,High Value Customers
TC-20980,400,12,19052.218,2,At Risk Customers
TC-21145,107,4,1038.26,1,Loyal Customers
TC-21295,28,16,4266.812,0,High Value Customers
TC-21475,154,11,1244.976,1,Loyal Customers
TC-21535,5,10,742.5580000000001,1,Loyal Customers
TD-20995,38,16,1434.5480000000002,0,High Value Customers
TG-21310,338,9,3058.372,3,Low Value Customers
TG-21640,115,10,2074.661,1,Loyal Customers
TH-21100,345,7,2422.824,3,Low Value Customers
TH-21115,59,9,2942.772,1,Loyal Customers
TH-21235,118,13,1022.201,1,Loyal Customers
TH-21550,73,13,4234.0960000000005,0,High Value Customers
TM-21010,104,19,2955.2259999999997,0,High Value Customers
TM-21490,131,4,1094.6779999999999,1,Loyal Customers
TN-21040,91,12,3130.221,1,Loyal Customers
TP-21130,9,16,4454.0560000000005,0,High Value Customers
TP-21415,105,10,5329.0048,0,High Value Customers
TP-21565,351,10,1936.6399999999999,3,Low Value Customers
TR-21325,194,7,675.9419999999999,1,Loyal Customers
TS-21085,358,2,4.833,3,Low Value Customers
TS-21160,505,17,2163.6240000000003,3,Low Value Customers
TS-21205,199,19,5371.09,0,High Value Customers
TS-21340,227,12,974.7819999999999,1,Loyal Customers
TS-21370,37,15,11891.751,2,At Risk Customers
TS-21430,173,7,2054.14,1,Loyal Customers
TS-21505,12,14,2243.274,0,High Value Customers
TS-21610,56,11,2820.424,1,Loyal Customers
TS-21655,239,14,3368.094,0,High Value Customers
TT-21070,32,14,4915.602,0,High Value Customers
TT-21220,184,15,1427.0439999999999,1,Loyal Customers
TT-21265,407,3,439.5,3,Low Value Customers
TT-21460,13,14,5364.808,0,High Value Customers
TW-21025,65,12,5278.826,0,High Value Customers
TZ-21580,36,9,1707.286,1,Loyal Customers
VB-21745,55,10,2005.596,1,Loyal Customers
VD-21670,582,16,6442.254,3,Low Value Customers
VF-21715,14,11,847.944,1,Loyal Customers
VG-21790,155,8,846.01,1,Loyal Customers
VG-21805,287,6,427.372,1,Loyal Customers
VM-21685,55,12,2454.866,1,Loyal Customers
VM-21835,118,8,380.69,1,Loyal Customers
VP-21730,31,5,993.9019999999999,1,Loyal Customers
VP-21760,76,14,3360.526,0,High Value Customers
VS-21820,222,8,1055.981,1,Loyal Customers
VT-21700,1001,9,1736.596,3,Low Value Customers
VW-21775,29,18,6134.0380000000005,0,High Value Customers
WB-21850,21,37,6160.102,2,At Risk Customers
XP-21865,44,28,2374.658,0,High Value Customers
YC-21895,5,8,5454.35,1,Loyal Customers
YS-21880,10,12,6720.4439999999995,0,High Value Customers
ZC-21910,55,31,8025.707,2,At Risk Customers
ZD-21925,203,9,1493.944,1,Loyal Customers
